label,rule,dominantClass,distribution,extinctPct,frozenPct,periodicPct,expandingPct,disorderedPct,structuredPct,boundedPct,avgFinalDensity,avgLastActivity,avgLastArea,avgDensityTrend,avgAreaTrend,avgCenterShift,mobilePct
"Conway Life","B3/S23","Structured Dynamic","Structured Dynamic: 100%","0.000","0.000","0.000","0.000","0.000","1.000","0.000","0.052860","0.037246","0.996075","-0.074918","-0.003915","0.069388","0.000"
"HighLife","B36/S23","Structured Dynamic","Structured Dynamic: 100%","0.000","0.000","0.000","0.000","0.000","1.000","0.000","0.042770","0.031535","0.996350","-0.108098","-0.003650","0.063892","0.000"
"Sample 01","B23678/S348","Disordered","Disordered: 100%","0.000","0.000","0.000","0.000","1.000","0.000","0.000","0.490160","0.505018","1.000000","0.000249","0.000000","0.000380","0.000"
"Sample 02","B0467/S02356","Disordered","Disordered: 100%","0.000","0.000","0.000","0.000","1.000","0.000","0.000","0.531410","0.377400","1.000000","0.012562","0.000000","0.001550","0.000"
"Sample 03","B01348/S018","Disordered","Disordered: 100%","0.000","0.000","0.000","0.000","1.000","0.000","0.000","0.419020","0.739641","1.000000","-0.001845","0.000000","0.000240","0.000"
"Sample 04","B234/S0135","Disordered","Disordered: 100%","0.000","0.000","0.000","0.000","1.000","0.000","0.000","0.492380","0.569329","1.000000","-0.000006","0.000000","0.000397","0.000"
"Sample 05","B045678/S678","Structured Dynamic","Structured Dynamic: 100%","0.000","0.000","0.000","0.000","0.000","1.000","0.000","0.283870","0.475826","1.000000","-0.000995","0.000000","0.001343","0.000"
"Sample 06","B3467/S0356","Disordered","Disordered: 100%","0.000","0.000","0.000","0.000","1.000","0.000","0.000","0.619480","0.494549","1.000000","0.020540","0.000000","0.001451","0.000"
"Sample 07","B0378/S12368","Disordered","Disordered: 100%","0.000","0.000","0.000","0.000","1.000","0.000","0.000","0.428400","0.295924","1.000000","0.001527","0.000000","0.000756","0.000"
"Sample 08","B36/S06","Periodic","Periodic: 100%","0.000","0.000","1.000","0.000","0.000","0.000","0.000","0.039770","0.002520","1.000000","-0.003424","0.000000","0.001159","0.000"
"Sample 09","B1234567/S56","Disordered","Periodic: 30% / Disordered: 70%","0.000","0.000","0.300","0.000","0.700","0.000","0.000","0.506390","0.977713","1.000000","-0.144915","0.000000","0.003551","0.000"
"Sample 10","B13568/S13567","Expanding","Expanding: 100%","0.000","0.000","0.000","1.000","0.000","0.000","0.000","0.727410","0.333300","1.000000","0.004630","0.000000","0.000406","0.000"
"Sample 11","B01467/S0134","Disordered","Disordered: 100%","0.000","0.000","0.000","0.000","1.000","0.000","0.000","0.470110","0.453329","1.000000","-0.000306","0.000000","0.000568","0.000"
"Sample 12","B1578/S035678","Frozen","Frozen: 80% / Periodic: 20%","0.000","0.800","0.200","0.000","0.000","0.000","0.000","0.994500","0.000067","1.000000","0.589261","0.000000","0.011640","0.000"
"Sample 13","B1235678/S013578","Disordered","Disordered: 100%","0.000","0.000","0.000","0.000","1.000","0.000","0.000","0.624620","0.598748","1.000000","-0.003439","0.000000","0.000386","0.000"
"Sample 14","B0346/S1235","Disordered","Disordered: 100%","0.000","0.000","0.000","0.000","1.000","0.000","0.000","0.526260","0.530353","1.000000","0.000352","0.000000","0.000341","0.000"
"Sample 15","B24567/S03467","Expanding","Expanding: 100%","0.000","0.000","0.000","1.000","0.000","0.000","0.000","0.733540","0.459428","1.000000","0.005424","0.000000","0.000430","0.000"
"Sample 16","B1245/S2358","Disordered","Disordered: 100%","0.000","0.000","0.000","0.000","1.000","0.000","0.000","0.534440","0.557692","1.000000","-0.000411","0.000000","0.000336","0.000"
"Sample 17","B0123678/S035","Periodic","Periodic: 100%","0.000","0.000","1.000","0.000","0.000","0.000","0.000","0.025340","0.996145","0.997500","-0.000250","-0.002280","0.025058","0.000"
"Sample 18","B12457/S2367","Disordered","Disordered: 100%","0.000","0.000","0.000","0.000","1.000","0.000","0.000","0.549240","0.588042","1.000000","-0.001113","0.000000","0.000322","0.000"
"Sample 19","B03568/S4568","Expanding","Expanding: 100%","0.000","0.000","0.000","1.000","0.000","0.000","0.000","0.693660","0.387178","1.000000","0.022027","0.000000","0.000968","0.000"
"Sample 20","B378/S01678","Periodic","Periodic: 100%","0.000","0.000","1.000","0.000","0.000","0.000","0.000","0.073160","0.004507","1.000000","-0.010849","0.000000","0.002390","0.000"
"Sample 21","B0268/S346","Disordered","Disordered: 100%","0.000","0.000","0.000","0.000","1.000","0.000","0.000","0.387130","0.345266","1.000000","0.000191","0.000000","0.000876","0.000"
"Sample 22","B02468/S0245678","Frozen","Frozen: 90% / Periodic: 10%","0.000","0.900","0.100","0.000","0.000","0.000","0.000","0.962600","0.000040","1.000000","0.011792","0.000000","0.000173","0.000"
"Sample 23","B056/S1278","Periodic","Periodic: 80% / Structured Dynamic: 20%","0.000","0.000","0.800","0.000","0.000","0.200","0.000","0.268870","0.033865","1.000000","0.000093","0.000000","0.000247","0.000"
"Sample 24","B13678/S03458","Disordered","Disordered: 100%","0.000","0.000","0.000","0.000","1.000","0.000","0.000","0.554400","0.365443","1.000000","0.000984","0.000000","0.000519","0.000"
"Sample 25","B234/S2345","Periodic","Periodic: 100%","0.000","0.000","1.000","0.000","0.000","0.000","0.000","0.575110","0.023592","1.000000","0.005575","0.000000","0.000286","0.000"
"Sample 26","B24/S3456","Periodic","Periodic: 100%","0.000","0.000","1.000","0.000","0.000","0.000","0.000","0.663980","0.001765","1.000000","0.006984","0.000000","0.000174","0.000"
"Sample 27","B01457/S0236","Disordered","Disordered: 100%","0.000","0.000","0.000","0.000","1.000","0.000","0.000","0.491820","0.542928","1.000000","-0.000208","0.000000","0.000395","0.000"
"Sample 28","B134568/S12568","Expanding","Expanding: 100%","0.000","0.000","0.000","1.000","0.000","0.000","0.000","0.673970","0.525026","1.000000","0.001213","0.000000","0.000323","0.000"
"Sample 29","B0568/S134","Structured Dynamic","Structured Dynamic: 100%","0.000","0.000","0.000","0.000","0.000","1.000","0.000","0.281640","0.052968","1.000000","0.001249","0.000000","0.002914","0.000"
"Sample 30","B6/S013678","Frozen","Frozen: 100%","0.000","1.000","0.000","0.000","0.000","0.000","0.000","0.123060","0.000000","1.000000","-0.000219","0.000000","0.000060","0.000"
"Sample 31","B0167/S012","Disordered","Periodic: 20% / Disordered: 80%","0.000","0.000","0.200","0.000","0.800","0.000","0.000","0.332670","0.483948","1.000000","-0.002044","0.000000","0.001522","0.000"
"Sample 32","B123567/S012357","Disordered","Disordered: 100%","0.000","0.000","0.000","0.000","1.000","0.000","0.000","0.621410","0.579673","1.000000","-0.000483","0.000000","0.000287","0.000"
"Sample 33","B03/S3456","Periodic","Periodic: 100%","0.000","0.000","1.000","0.000","0.000","0.000","0.000","0.632340","0.003590","1.000000","0.010622","0.000000","0.000262","0.000"
"Sample 34","B1367/S026","Disordered","Disordered: 100%","0.000","0.000","0.000","0.000","1.000","0.000","0.000","0.375700","0.543969","1.000000","-0.000674","0.000000","0.000522","0.000"
"Sample 35","B1478/S1247","Disordered","Disordered: 100%","0.000","0.000","0.000","0.000","1.000","0.000","0.000","0.411240","0.388903","1.000000","-0.000517","0.000000","0.000619","0.000"
"Sample 36","B123457/S01468","Disordered","Disordered: 100%","0.000","0.000","0.000","0.000","1.000","0.000","0.000","0.595080","0.638310","1.000000","-0.001676","0.000000","0.000273","0.000"
"Sample 37","B25/S012678","Disordered","Disordered: 100%","0.000","0.000","0.000","0.000","1.000","0.000","0.000","0.363450","0.427757","1.000000","-0.000481","0.000000","0.000608","0.000"
"Sample 38","B267/S026","Structured Dynamic","Structured Dynamic: 100%","0.000","0.000","0.000","0.000","0.000","1.000","0.000","0.304030","0.406568","1.000000","-0.000146","0.000000","0.000877","0.000"
"Sample 39","B01236/S1347","Disordered","Disordered: 100%","0.000","0.000","0.000","0.000","1.000","0.000","0.000","0.518410","0.502530","1.000000","-0.002349","0.000000","0.000349","0.000"
"Sample 40","B034568/S012368","Disordered","Disordered: 100%","0.000","0.000","0.000","0.000","1.000","0.000","0.000","0.601970","0.689754","1.000000","0.000666","0.000000","0.000209","0.000"
"Sample 41","B1378/S0357","Disordered","Disordered: 100%","0.000","0.000","0.000","0.000","1.000","0.000","0.000","0.401080","0.457182","1.000000","-0.000119","0.000000","0.000512","0.000"
"Sample 42","B047/S37","Structured Dynamic","Structured Dynamic: 100%","0.000","0.000","0.000","0.000","0.000","1.000","0.000","0.266470","0.413716","1.000000","0.000250","0.000000","0.000631","0.000"
"Sample 43","B01257/S02368","Disordered","Disordered: 100%","0.000","0.000","0.000","0.000","1.000","0.000","0.000","0.454820","0.455265","1.000000","-0.002801","0.000000","0.000327","0.000"
"Sample 44","B04567/S1238","Disordered","Disordered: 100%","0.000","0.000","0.000","0.000","1.000","0.000","0.000","0.416670","0.444075","1.000000","0.000734","0.000000","0.000949","0.000"
"Sample 45","B0134/S124678","Disordered","Disordered: 100%","0.000","0.000","0.000","0.000","1.000","0.000","0.000","0.547490","0.441020","1.000000","-0.001616","0.000000","0.000345","0.000"
"Sample 46","B03468/S3578","Disordered","Disordered: 100%","0.000","0.000","0.000","0.000","1.000","0.000","0.000","0.542080","0.552660","1.000000","0.003428","0.000000","0.000517","0.000"
"Sample 47","B015678/S0123567","Expanding","Expanding: 100%","0.000","0.000","0.000","1.000","0.000","0.000","0.000","0.662660","0.346873","1.000000","0.003428","0.000000","0.001307","0.000"
"Sample 48","B034678/S0137","Disordered","Disordered: 100%","0.000","0.000","0.000","0.000","1.000","0.000","0.000","0.470770","0.651026","1.000000","0.000191","0.000000","0.000455","0.000"
"Sample 49","B2/S014678","Structured Dynamic","Structured Dynamic: 100%","0.000","0.000","0.000","0.000","0.000","1.000","0.000","0.317010","0.373539","1.000000","-0.000517","0.000000","0.000678","0.000"
"Sample 50","B023678/S123578","Disordered","Disordered: 100%","0.000","0.000","0.000","0.000","1.000","0.000","0.000","0.538850","0.437739","1.000000","-0.001298","0.000000","0.000370","0.000"
"Sample 51","B12/S023478","Disordered","Periodic: 30% / Disordered: 70%","0.000","0.000","0.300","0.000","0.700","0.000","0.000","0.478150","0.023951","1.000000","0.003308","0.000000","0.000253","0.000"
"Sample 52","B12578/S023567","Disordered","Disordered: 100%","0.000","0.000","0.000","0.000","1.000","0.000","0.000","0.640200","0.313675","1.000000","0.000077","0.000000","0.000767","0.000"
"Sample 53","B0147/S03578","Disordered","Disordered: 100%","0.000","0.000","0.000","0.000","1.000","0.000","0.000","0.390320","0.444183","1.000000","-0.001102","0.000000","0.000660","0.000"
"Sample 54","B12467/S024567","Expanding","Expanding: 100%","0.000","0.000","0.000","1.000","0.000","0.000","0.000","0.766290","0.175063","1.000000","0.011612","0.000000","0.001276","0.000"
"Sample 55","B123457/S23467","Expanding","Expanding: 100%","0.000","0.000","0.000","1.000","0.000","0.000","0.000","0.686630","0.439611","1.000000","-0.000792","0.000000","0.000265","0.000"
"Sample 56","B13568/S1468","Disordered","Disordered: 100%","0.000","0.000","0.000","0.000","1.000","0.000","0.000","0.499150","0.584938","1.000000","0.000358","0.000000","0.000730","0.000"
"Sample 57","B01368/S13568","Disordered","Disordered: 100%","0.000","0.000","0.000","0.000","1.000","0.000","0.000","0.476190","0.403909","1.000000","-0.001465","0.000000","0.000768","0.000"
"Sample 58","B148/S0368","Structured Dynamic","Structured Dynamic: 100%","0.000","0.000","0.000","0.000","0.000","1.000","0.000","0.328660","0.444157","1.000000","-0.000156","0.000000","0.000624","0.000"
"Sample 59","B01236/S012578","Disordered","Disordered: 100%","0.000","0.000","0.000","0.000","1.000","0.000","0.000","0.524060","0.527296","1.000000","-0.009033","0.000000","0.000620","0.000"
"Sample 60","B348/S023468","Disordered","Disordered: 100%","0.000","0.000","0.000","0.000","1.000","0.000","0.000","0.552580","0.341698","1.000000","0.003908","0.000000","0.000540","0.000"
"Sample 61","B1457/S01567","Disordered","Disordered: 100%","0.000","0.000","0.000","0.000","1.000","0.000","0.000","0.432180","0.530904","1.000000","0.009526","0.000000","0.003150","0.000"
"Sample 62","B237/S0134567","Periodic","Periodic: 100%","0.000","0.000","1.000","0.000","0.000","0.000","0.000","0.703280","0.016451","1.000000","0.001447","0.000000","0.000088","0.000"
"Sample 63","B014568/S2467","Expanding","Expanding: 100%","0.000","0.000","0.000","1.000","0.000","0.000","0.000","0.653280","0.511739","1.000000","0.003830","0.000000","0.000406","0.000"
"Sample 64","B0123578/S0145","Periodic","Periodic: 100%","0.000","0.000","1.000","0.000","0.000","0.000","0.000","0.012400","0.996741","0.962480","-0.002491","-0.018648","0.037238","0.000"
"Sample 65","B1268/S34","Disordered","Disordered: 100%","0.000","0.000","0.000","0.000","1.000","0.000","0.000","0.412060","0.425034","1.000000","-0.001057","0.000000","0.000409","0.000"
"Sample 66","B3458/S0347","Disordered","Disordered: 100%","0.000","0.000","0.000","0.000","1.000","0.000","0.000","0.540680","0.582480","1.000000","0.008131","0.000000","0.000747","0.000"
"Sample 67","B56/S7","Extinct","Extinct: 100%","1.000","0.000","0.000","0.000","0.000","0.000","0.000","0.000000","0.000000","0.000000","-0.000166","-0.009721","0.000000","0.000"
"Sample 68","B3478/S067","Periodic","Periodic: 100%","0.000","0.000","1.000","0.000","0.000","0.000","0.000","0.034420","0.011045","0.998000","-0.014068","-0.000350","0.005043","0.000"
"Sample 69","B023467/S05","Disordered","Disordered: 100%","0.000","0.000","0.000","0.000","1.000","0.000","0.000","0.494070","0.758265","1.000000","-0.000430","0.000000","0.000364","0.000"
"Sample 70","B1457/S2457","Disordered","Disordered: 100%","0.000","0.000","0.000","0.000","1.000","0.000","0.000","0.617890","0.457531","1.000000","0.005063","0.000000","0.000524","0.000"
"Sample 71","B12357/S456","Disordered","Disordered: 100%","0.000","0.000","0.000","0.000","1.000","0.000","0.000","0.640830","0.401031","1.000000","-0.000343","0.000000","0.000338","0.000"
"Sample 72","B028/S1234578","Frozen","Frozen: 100%","0.000","1.000","0.000","0.000","0.000","0.000","0.000","0.504170","0.000000","1.000000","-0.000337","0.000000","0.000039","0.000"
"Sample 73","B3678/S2348","Disordered","Disordered: 100%","0.000","0.000","0.000","0.000","1.000","0.000","0.000","0.485310","0.366799","1.000000","0.009528","0.000000","0.000972","0.000"
"Sample 74","B047/S02378","Structured Dynamic","Structured Dynamic: 100%","0.000","0.000","0.000","0.000","0.000","1.000","0.000","0.297860","0.253246","1.000000","-0.000685","0.000000","0.001812","0.000"
"Sample 75","B2457/S1235678","Frozen","Frozen: 90% / Periodic: 10%","0.000","0.900","0.100","0.000","0.000","0.000","0.000","0.945730","0.000080","1.000000","0.010836","0.000000","0.000140","0.000"
"Sample 76","B01346/S013568","Disordered","Disordered: 100%","0.000","0.000","0.000","0.000","1.000","0.000","0.000","0.612960","0.436929","1.000000","-0.000414","0.000000","0.000486","0.000"
"Sample 77","B0347/S2567","Disordered","Disordered: 100%","0.000","0.000","0.000","0.000","1.000","0.000","0.000","0.542000","0.456669","1.000000","0.005807","0.000000","0.001635","0.000"
"Sample 78","B134/S123578","Disordered","Disordered: 100%","0.000","0.000","0.000","0.000","1.000","0.000","0.000","0.544420","0.430766","1.000000","-0.000842","0.000000","0.000395","0.000"
"Sample 79","B0234678/S12567","Expanding","Expanding: 100%","0.000","0.000","0.000","1.000","0.000","0.000","0.000","0.710460","0.437185","1.000000","0.000375","0.000000","0.000304","0.000"
"Sample 80","B2568/S0156","Structured Dynamic","Structured Dynamic: 100%","0.000","0.000","0.000","0.000","0.000","1.000","0.000","0.340060","0.472608","1.000000","-0.000198","0.000000","0.000692","0.000"
"Sample 81","B17/S2348","Periodic","Periodic: 80% / Disordered: 20%","0.000","0.000","0.800","0.000","0.200","0.000","0.000","0.426120","0.021127","1.000000","0.004160","0.000000","0.000256","0.000"
"Sample 82","B012/S02457","Disordered","Disordered: 100%","0.000","0.000","0.000","0.000","1.000","0.000","0.000","0.429420","0.359185","1.000000","-0.001961","0.000000","0.000446","0.000"
"Sample 83","B0123468/S145","Periodic","Periodic: 100%","0.000","0.000","1.000","0.000","0.000","0.000","0.000","0.032080","0.995125","0.998500","-0.000927","-0.000270","0.006612","0.000"
"Sample 84","B012357/S023467","Disordered","Disordered: 100%","0.000","0.000","0.000","0.000","1.000","0.000","0.000","0.635280","0.390660","1.000000","-0.001737","0.000000","0.000316","0.000"
"Sample 85","B01248/S0358","Disordered","Disordered: 100%","0.000","0.000","0.000","0.000","1.000","0.000","0.000","0.459130","0.533547","1.000000","-0.002217","0.000000","0.000363","0.000"
"Sample 86","B568/S016","Frozen","Frozen: 100%","0.000","1.000","0.000","0.000","0.000","0.000","0.000","0.104690","0.000000","1.000000","-0.000074","0.000000","0.000050","0.000"
"Sample 87","B012456/S0137","Disordered","Disordered: 100%","0.000","0.000","0.000","0.000","1.000","0.000","0.000","0.507870","0.725057","1.000000","-0.001794","0.000000","0.000361","0.000"
"Sample 88","B016/S128","Disordered","Disordered: 100%","0.000","0.000","0.000","0.000","1.000","0.000","0.000","0.356820","0.446085","1.000000","-0.000266","0.000000","0.000586","0.000"
"Sample 89","B012348/S2346","Periodic","Periodic: 100%","0.000","0.000","1.000","0.000","0.000","0.000","0.000","0.033710","0.991178","0.999000","-0.007901","-0.000760","0.014326","0.000"
"Sample 90","B345678/S012368","Disordered","Disordered: 100%","0.000","0.000","0.000","0.000","1.000","0.000","0.000","0.628840","0.727995","1.000000","0.004170","0.000000","0.000266","0.000"
"Sample 91","B013578/S147","Disordered","Disordered: 100%","0.000","0.000","0.000","0.000","1.000","0.000","0.000","0.433980","0.579996","1.000000","-0.000765","0.000000","0.000500","0.000"
"Sample 92","B127/S14568","Disordered","Disordered: 100%","0.000","0.000","0.000","0.000","1.000","0.000","0.000","0.455190","0.321187","1.000000","-0.001227","0.000000","0.000982","0.000"
"Sample 93","B13568/S015678","Frozen","Frozen: 80% / Periodic: 20%","0.000","0.800","0.200","0.000","0.000","0.000","0.000","0.985330","0.000120","1.000000","0.047110","0.000000","0.000968","0.000"
"Sample 94","B0235/S0123","Periodic","Periodic: 100%","0.000","0.000","1.000","0.000","0.000","0.000","0.000","0.003480","0.971960","0.956480","0.008139","-0.012187","0.030220","0.000"
"Sample 95","B568/S0135","Frozen","Frozen: 100%","0.000","1.000","0.000","0.000","0.000","0.000","0.000","0.117610","0.000000","1.000000","-0.000641","0.000000","0.000170","0.000"
"Sample 96","B01567/S17","Structured Dynamic","Structured Dynamic: 100%","0.000","0.000","0.000","0.000","0.000","1.000","0.000","0.344070","0.547606","1.000000","-0.000498","0.000000","0.000640","0.000"
"Sample 97","B01357/S0148","Disordered","Disordered: 100%","0.000","0.000","0.000","0.000","1.000","0.000","0.000","0.432780","0.584120","1.000000","-0.001122","0.000000","0.000519","0.000"
"Sample 98","B1258/S03678","Disordered","Disordered: 100%","0.000","0.000","0.000","0.000","1.000","0.000","0.000","0.415350","0.520444","1.000000","-0.001736","0.000000","0.000611","0.000"
